{
  "titleId": "PPSA22035",
  "conceptId": "10010599",
  "versionFileUri": "https://agst.prod.dl.playstation.net/agst/prod/00/sp-int/PPSA22035_00/efbce57f-8d0d-49d3-bb9f-21b81b6eb856-version.xml",
  "contentBadgeType": 1,
  "ageLevel": {
    "DE": 0,
    "HK": 3,
    "PT": 3,
    "HN": 6,
    "DK": 3,
    "LU": 3,
    "PY": 6,
    "HR": 3,
    "UA": 3,
    "HU": 3,
    "QA": 3,
    "ID": 3,
    "IE": 3,
    "EC": 6,
    "US": 6,
    "IL": 3,
    "AE": 3,
    "UY": 6,
    "IN": 3,
    "MT": 3,
    "ZA": 3,
    "IS": 3,
    "IT": 3,
    "MX": 6,
    "MY": 3,
    "ES": 3,
    "AR": 6,
    "AT": 3,
    "AU": 3,
    "NI": 6,
    "RO": 3,
    "NL": 3,
    "NO": 3,
    "BE": 3,
    "FI": 3,
    "RU": 0,
    "BG": 3,
    "BH": 3,
    "JP": 3,
    "FR": 3,
    "NZ": 3,
    "BO": 6,
    "SA": 3,
    "BR": 6,
    "SE": 3,
    "default": 6,
    "SG": 3,
    "SI": 3,
    "SK": 3,
    "GB": 3,
    "CA": 6,
    "OM": 3,
    "SV": 6,
    "CH": 3,
    "KR": 6,
    "CL": 6,
    "GR": 3,
    "CO": 6,
    "KW": 3,
    "GT": 6,
    "CR": 6,
    "PA": 6,
    "TH": 3,
    "PE": 6,
    "CY": 3,
    "LB": 3,
    "CZ": 3,
    "PL": 3,
    "TR": 3
  }
}