<?xml version="1.0" encoding="UTF-8"?>
<SoftwareLegalInformation>
  <OutputDateTime>2024-02-26T08:56:38.273Z</OutputDateTime>
  <CopyrightNotations>
    <TechnologyName>Unity</TechnologyName>
    <TechnologyName>NintendoSDK_libcurl</TechnologyName>
    <TechnologyName>NintendoSDK_movie</TechnologyName>
  </CopyrightNotations>
  <DeclarationRequiredNotations>
    <TechnologyName>Unity</TechnologyName>
    <TechnologyName>NintendoWare_Bezel_Engine-2_v0-</TechnologyName>
    <TechnologyName>NintendoWare_Bezel_Engine-1_</TechnologyName>
    <TechnologyName>NintendoWare_Bezel_Engine-1_</TechnologyName>
    <TechnologyName>NintendoWare_Bezel_Engine-1_</TechnologyName>
    <TechnologyName>NintendoWare_Meshoptimizer_For_MeshCodec</TechnologyName>
    <TechnologyName>NintendoWare_Zstandard_For_MeshCodec</TechnologyName>
    <TechnologyName>NEX</TechnologyName>
    <TechnologyName>NEX</TechnologyName>
    <TechnologyName>Breakpad</TechnologyName>
    <TechnologyName>Capstone</TechnologyName>
    <TechnologyName>glew</TechnologyName>
    <TechnologyName>NintendoSDK_libcurl</TechnologyName>
    <TechnologyName>NintendoSDK_movie</TechnologyName>
    <TechnologyName>NintendoSDK_OpenSSL_For_NintendoSDK</TechnologyName>
    <TechnologyName>nlib_LZ4</TechnologyName>
    <TechnologyName>nlib_bsdiff</TechnologyName>
    <TechnologyName>NintendoSDK_Google_APIs_For_NPLN</TechnologyName>
    <TechnologyName>NintendoSDK_gRPC_For_NPLN</TechnologyName>
    <TechnologyName>NintendoSDK_ngtcp2_For_NPLN</TechnologyName>
    <TechnologyName>NintendoSDK_OpenSSL_For_NPLN</TechnologyName>
    <TechnologyName>NintendoSDK_raft_For_NPLN</TechnologyName>
    <TechnologyName>NintendoSDK_WebRTC_For_NPLN</TechnologyName>
    <TechnologyName>Pia_ZStandard</TechnologyName>
    <TechnologyName>SkiaGraphicsLibrary</TechnologyName>
    <TechnologyName>NintendoSDK_Vulkan</TechnologyName>
    <TechnologyName>Wslay</TechnologyName>
  </DeclarationRequiredNotations>
  <ProductRegions>
    <Usa>true</Usa>
    <Japan>true</Japan>
    <Europe>true</Europe>
    <Asia>false</Asia>
    <China>false</China>
  </ProductRegions>
  <FormatVersion>2.0.0</FormatVersion>
  <ApplicationId>0x0100ab101e9fa000</ApplicationId>
  <DataHash>b5c9aad6552aee16558dfb25b1f8a34f</DataHash>
</SoftwareLegalInformation>
