{
  "titleId": "PPSA01684",
  "conceptId": "10001228",
  "versionFileUri": "https://agst.prod.dl.playstation.net/agst/prod/00/sp-int/PPSA01684_00/39b76390-2ea5-46a4-9217-0c19fcf418a0-version.xml",
  "contentBadgeType": 1,
  "ageLevel": {
    "DE": 0,
    "HK": 1,
    "TW": 0,
    "PT": 3,
    "HN": 6,
    "DK": 3,
    "LU": 3,
    "PY": 6,
    "HR": 3,
    "UA": 3,
    "HU": 3,
    "QA": 3,
    "ID": 1,
    "IE": 3,
    "EC": 6,
    "US": 6,
    "IL": 3,
    "AE": 3,
    "UY": 6,
    "IN": 3,
    "MT": 3,
    "ZA": 3,
    "IS": 3,
    "IT": 3,
    "MX": 6,
    "MY": 1,
    "ES": 3,
    "AR": 6,
    "AT": 3,
    "AU": 18,
    "NI": 6,
    "RO": 3,
    "NL": 3,
    "NO": 3,
    "BE": 3,
    "FI": 3,
    "RU": 0,
    "BG": 3,
    "BH": 3,
    "JP": 6,
    "FR": 3,
    "NZ": 18,
    "BO": 6,
    "SA": 7,
    "BR": 10,
    "SE": 3,
    "default": 18,
    "SG": 1,
    "SI": 3,
    "SK": 3,
    "GB": 3,
    "CA": 6,
    "OM": 3,
    "SV": 6,
    "CH": 3,
    "KR": 6,
    "CL": 6,
    "CN": 1,
    "GR": 3,
    "CO": 6,
    "KW": 3,
    "GT": 6,
    "CR": 6,
    "PA": 6,
    "TH": 1,
    "PE": 6,
    "CY": 3,
    "LB": 3,
    "CZ": 3,
    "PL": 3,
    "TR": 3
  }
}